dice,es
1111,ácido
1112,bellota
1113,acre
1114,hechos
1115,lejos
1116,afijo
1121,añejo
1122,agente
1123,ágil
1124,añejando
1125,agonía
1126,adelante
1131,ayudante
1132,ayudas
1133,apuntar
1134,abertura
1135,alarma
1136,alias
1141,excusa
1142,alien
1143,similar
1144,vivo
1145,áloe
1146,arriba
1151,aloha
1152,solo
1153,enmendar
1154,amina
1155,amplio
1156,divertir
1161,Ángel
1162,enojo
1163,ángulo
1164,tobillo
1165,manzana
1166,abril
1211,delantal
1212,agua
1213,área
1214,arena
1215,discutir
1216,aumentar
1221,armado
1222,armadura
1223,Ejército
1224,aroma
1225,arreglo
1226,incendio provocado
1231,Arte
1232,cenizo
1233,ceniza
1234,atlas
1235,átomo
1236,ático
1241,audio
1242,evitar
1243,evitar
1244,despierto
1245,otorgar
1246,despertarse
1251,eje
1252,tocino
1253,Insignia
1254,rosquilla
1255,holgado
1256,horneado
1261,panadero
1262,balsámico
1263,banjo
1264,barcaza
1265,granero
1266,intento
1311,albahaca
1312,disfrutar
1313,lote
1314,bañera
1315,batuta
1316,murciélagos
1321,espada
1322,vacío
1323,explosión
1324,resplandor
1325,desolado
1326,mezcla
1331,bendecir
1332,dirigible
1333,parpadear
1334,inflar
1335,gota
1336,Blog
1341,mancha
1342,desafilado
1343,decir bruscamente
1344,sonrojo
1345,presumir
1346,bote
1351,cuerpo
1352,hervir
1353,bok
1354,tornillo
1355,sin espinas
1356,boney
1361,prima
1362,óseo
1363,libro
1364,puesto
1365,botas
1366,patrón
1411,chapucear
1412,ambas cosas
1413,Boxer
1414,criar
1415,soborno
1416,ladrillo
1421,novia
1422,borde
1423,traer
1424,borde
1425,enérgico
1426,amplio
1431,asar
1432,en bancarrota
1433,arroyo
1434,Escoba
1435,cepillo
1436,dólar
1441,brote
1442,calesa
1443,bulto
1444,a granel
1445,matón
1446,racimo
1451,conejito
1452,tizón
1453,arbusto
1454,busto
1455,ocupado
1456,zumbido
1461,cable
1462,cache
1463,cadete
1464,jaula
1465,pastel
1466,tranquilo
1511,camafeo
1512,canal
1513,caramelo
1514,caña
1515,canon
1516,capa
1521,tarjeta
1522,carga
1523,villancico
1524,llevar
1525,esculpir
1526,caso
1531,dinero en efectivo
1532,porque
1533,cedro
1534,cadena
1535,silla
1536,cantar
1541,caos
1542,encanto
1543,perseguir
1544,mejilla
1545,alegría
1546,cocinero
1551,ajedrez
1552,cofre
1553,masticar
1554,jefe
1555,chile
1556,enfriar
1561,chip
1562,chomp
1563,picar
1564,perro chino
1565,arrojar
1566,cabeza
1611,pedazo
1612,batir
1613,tolva
1614,sidra
1615,cincha
1616,ciudad
1621,cívico
1622,civil
1623,revestido
1624,afirmar
1625,abrazadera
1626,aplaudir
1631,choque
1632,corchete
1633,clase
1634,garra
1635,arcilla
1636,limpio
1641,claro
1642,listón
1643,hendido
1644,secretario
1645,hacer clic
1646,adherirse
1651,tintinar
1652,acortar
1653,capa
1654,reloj
1655,clon
1656,tela
1661,nube
1662,grupo
1663,entrenador
1664,costa
1665,Saco
1666,bacalao
2111,bobina
2112,Coca
2113,reajuste salarial
2114,frío
2115,potro
2116,coma
2121,venir
2122,cómic
2123,coma
2124,cono
2125,afrontar
2126,Copiar
2131,coral
2132,corcho
2133,costo
2134,cuna
2135,sofá
2136,tos
2141,cubrir
2142,acogedor
2143,artesanía
2144,calambre
2145,grua
2146,manivela
2151,caja
2152,pedir
2153,gatear
2154,loco
2155,crema
2156,crepe
2161,arrastrarse
2162,cuna
2163,llorado
2164,crujiente
2165,ladrón
2166,cultivo
2211,cruzar
2212,multitud
2213,corona
2214,miga
2215,Persona especial
2216,corteza
2221,cachorro
2222,culto
2223,Cupido
2224,cura
2225,rizo
2226,curry
2231,maldición
2232,curva
2233,curvado
2234,fácil
2235,Corte
2236,ciclo
2241,lenguado
2242,papá
2243,a diario
2244,lácteos
2245,margarita
2246,danza
2251,dandy
2252,maldito
2253,dardo
2254,pizca
2255,datos
2256,fecha
2261,amanecer
2262,sordo
2263,trato
2264,decano
2265,débito
2266,deuda
2311,depurar
2312,descafeinado
2313,calcomanía
2314,decaer
2315,plataforma
2316,decoración
2321,señuelo
2322,escritura
2323,demora
2324,mezclilla
2325,denso
2326,mella
2331,profundidad
2332,derby
2333,escritorio
2334,marcar
2335,diario
2336,dado
2341,cavar
2342,eneldo
2343,diez centavos
2344,tímidamente
2345,cena
2346,sucio
2351,disco
2352,plato
2353,disco
2354,zanja
2355,diablos
2356,mareado
2361,muelle
2362,esquivar
2363,haciendo
2364,muñeca
2365,Hazme
2366,donante
2411,rosquilla
2412,dosis
2413,punto
2414,paloma
2415,abajo
2416,dote
2421,dormitar
2422,monótono
2423,drama
2424,bebió
2425,dibujar
2426,vestido
2431,seco
2432,deriva
2433,taladro
2434,conducir
2435,zumbido
2436,inclinarse
2441,condujo
2442,ahogar
2443,tambor
2444,seco
2445,Pato
2446,conducto
2451,amigo
2452,excavado
2453,duque
2454,dúo
2455,oscuridad
2456,polvo
2461,deber
2462,enano
2463,residir
2465,temprano
2466,tierra
2511,caballete
2512,este
2513,comido
2514,come
2515,eBay
2516,ébano
2521,libro electronico
2522,eco
2523,borde
2524,Anguila
2525,expulsar
2526,codo
2531,mayor
2532,duende
2533,alce
2534,olmo
2535,escapar
2536,eludir
2541,elves
2542,Email
2543,emitir
2544,vacío
2545,emú
2546,ingresar
2551,entrada
2552,enviado
2553,igual
2554,borrar
2555,error
2556,estallar
2561,ensayo
2562,grabar al agua fuerte
2563,evadir
2564,incluso
2565,desalojar
2566,mal
2611,evocar
2612,exacto
2613,Salida
2614,fábula
2615,enojado
2616,hecho
2621,desvanecerse
2622,otoño
2623,FALSO
2624,elegante
2625,colmillo
2626,fax
2631,banquete
2632,alimento
2633,fémur
2634,valla
2635,defenderse
2636,transportar
2641,fetal
2642,ha podido recuperar
2643,fiebre
2644,fibra
2645,quinto
2646,cincuenta
2651,película
2652,inmundicia
2653,final
2654,pinzón
2655,encajar
2656,cinco
2661,bandera
2662,escamoso
2663,fuego
2664,solapa
2665,matraz
2666,huido
3111,película
3112,arrojar
3113,pedernal
3114,dar la vuelta
3115,Ligar
3116,flotador
3121,rebaño
3122,fracaso
3123,seda floja
3124,volantes
3125,espuma
3126,enemigo
3131,niebla
3132,frustrar
3133,fólico
3134,gente
3135,comida
3136,tonto
3141,fundar
3142,zorro
3143,vestíbulo
3144,frágil
3145,marco
3146,refriega
3151,nuevo
3152,frito
3153,lechuguilla
3154,cacheo
3155,desde
3156,parte delantera
3161,escarcha
3162,espuma
3163,fruncir el ceño
3164,congelarse
3165,Fruta
3166,mordaza
3211,ganancias
3212,gala
3213,juego
3214,brecha
3215,gas
3216,dio
3221,engranaje
3222,geco
3223,adicto
3224,joya
3225,género
3226,regalo
3231,Curro
3232,gills
3233,dado
3234,dotante
3235,contento
3236,vidrio
3241,planeo
3242,brillo
3243,guante
3244,brillo
3245,pegamento
3246,meta
3251,yendo
3252,golf
3253,gong
3254,bien
3255,pegajoso
3256,mentecato
3261,sangre
3262,vestido
3263,tomar
3264,grano
3265,conceder
3266,uva
3311,grafico
3312,sujetar
3313,hierba
3314,tumba
3315,salsa
3316,gris
3321,verde
3322,saludar
3323,creció
3324,cuadrícula
3325,dolor
3326,parrilla
3331,sujeción
3332,arena
3333,acicalar
3334,ir a tientas
3335,gruñido
3336,comida
3341,gruñido
3342,guía
3343,Golfo
3344,trago
3345,pegajoso
3346,gurú
3351,chorro
3352,intestino
3353,chico
3354,hábito
3355,medio
3356,aureola
3361,detener
3362,contento
3363,dañar
3364,picadillo
3365,apresurado
3366,escotilla
3411,odio
3412,refugio
3413,color avellana
3414,brumoso
3415,montón
3416,calor
3421,tirón
3422,cobertura
3423,fuerte
3424,ayuda
3425,hierbas
3426,suyo
3431,centro
3432,abrazo
3433,hula
3434,cáscara
3435,humano
3436,húmedo
3441,joroba
3442,colgado
3443,pedazo
3444,cazar
3445,apurarse
3446,herir
3451,Cállate
3452,cabaña
3453,hielo
3454,Formación de hielo
3455,icono
3456,glacial
3461,iglú
3462,imagen
3463,ion
3464,planchar
3465,islam
3466,asunto
3511,ít
3512,Marfil
3513,hiedra
3514,pinchazo
3515,mermelada
3516,mandíbulas
3521,jazz
3522,todoterreno
3523,gelatina
3524,chorro
3525,instante
3526,trabajo
3531,empujoncito
3532,alegre
3533,sacudida
3534,jota
3535,alegría
3536,juez
3541,jugo
3542,jugoso
3543,mes de julio
3544,jumbo
3545,salto
3546,junky
3551,jurado
3552,jurado
3553,mantenerse
3554,barrilete
3555,conservó
3556,patear
3561,falda escocesa
3562,Rey
3563,cometa
3564,gatito
3565,kiwi
3566,rodilla
3611,arrodillar
3612,coala
3613,kung
3614,cucharón
3615,señora
3616,guarida
3621,lago
3622,lanza
3623,tierra
3624,solapa
3625,grande
3626,latigazo
3631,lazo
3632,último
3633,pestillo
3634,tarde
3635,perezoso
3636,izquierda
3641,legal
3642,limón
3643,prestar
3644,lente
3645,prestado
3646,nivel
3651,palanca
3652,tapa
3653,la vida
3654,elevar
3655,lila
3656,lirio
3661,miembro
3662,limas
3663,línea
3664,hilas
3665,león
3666,labio
4111,lista
4112,vivió
4113,hígado
4114,lunar
4115,comida
4116,pulmón
4121,estacada
4122,señuelo
4123,Acechar
4124,mintiendo
4125,lírica
4126,Mazo
4131,fabricante
4132,malta
4133,mamá
4134,mango
4135,señorío
4136,muchos
4141,mapa
4142,marzo
4143,MARDI
4144,casar
4145,mezcla
4146,partido
4151,compañero
4152,Matemáticas
4153,gemir
4154,moca
4155,húmedo
4156,molde
4161,mamá
4162,malhumorado
4163,fregar
4164,morse
4165,más
4166,motor
4211,lema
4212,montar
4213,ratón
4214,ratoncito
4215,boca
4216,moverse
4221,película
4222,cortacésped
4223,lodo
4224,taza
4225,mantillo
4226,mula
4231,calentar con especias
4232,mumbo
4233,momia
4234,mural
4235,musa
4236,música
4241,almizclado
4242,silencio
4243,nacho
4244,rocín
4245,clavo
4246,nombre
4251,niñera
4252,siesta
4253,Armada
4254,cerca
4255,ordenado
4256,neón
4261,nerd
4262,nido
4263,neto
4264,próximo
4265,sobrina
4266,noveno
4311,de nuez
4312,roble
4313,oasis
4314,avena
4315,Oceano
4316,petróleo
4321,viejo
4322,aceituna
4323,presagio
4324,cebolla
4325,solamente
4326,rezumar
4331,ópalo
4332,abierto
4333,ópera
4334,optar
4335,nutria
4336,Ay
4341,onza
4342,exterior
4343,oval
4344,horno
4345,búho
4346,ozono
4351,ritmo
4352,pagano
4353,buscapersonas
4354,palma
4355,panda
4356,pánico
4361,pantalones
4362,bragas
4363,papel
4364,parque
4365,fiesta
4366,pasta
4411,parche
4412,sendero
4413,patio
4414,pagador
4415,pacana
4416,centavo
4421,energía
4422,perca
4423,alegre
4424,permanente
4425,parásito
4426,pétalo
4431,petri
4432,insignificante
4433,Foto
4434,tablón
4435,planta
4436,plaza
4441,alegar
4442,trama
4443,arado
4444,arrancar
4445,enchufar
4446,más
4451,escalfar
4452,vaina
4453,poema
4454,poeta
4455,pogo
4456,punto
4461,equilibrio
4462,póker
4463,polar
4464,polio
4465,polca
4466,polo
4511,estanque
4512,poni
4513,amapola
4514,Cerdo
4515,pregunta difícil
4516,bolsa
4521,libra
4522,abadejo
4523,energía
4524,broma
4525,prensa
4526,imprimir
4531,previo
4532,prisma
4533,premio
4534,Investigacion
4535,diente
4536,prueba
4541,accesorios
4542,mojigato
4543,ciruela pasa
4544,palanca
4545,doguillo
4546,jalar
4551,pulpa
4552,legumbres
4553,puma
4554,puñetazo
4555,punk
4556,alumno
4561,cachorro
4562,ronroneo
4563,bolso
4564,empujar
4565,golpe corto
4566,curandero
4611,terremoto
4612,consulta
4613,tranquilo
4614,pluma
4615,edredón
4616,dejar
4621,cuota
4622,cita
4623,rabioso
4624,raza
4625,estante
4626,Radar
4631,radio
4632,balsa
4633,furia
4634,Redada
4635,carril
4636,rastrillo
4641,reunión
4642,rampa
4643,rancho
4644,rango
4645,rango
4646,despotricar
4651,erupción
4652,cuervo
4653,alcanzar
4654,reaccionar
4655,resma
4656,rebelde
4661,resumen
4662,relajarse
4663,relé
4664,reliquia
4665,remix
4666,pagar
5111,repeler
5112,respuesta
5113,repetición
5114,Reiniciar
5115,rima
5116,arroz
5121,Rico
5122,paseo
5123,rígido
5124,rigor
5125,enjuagar
5126,disturbio
5131,madurar
5132,aumento
5133,riesgo
5134,lujoso
5135,rival
5136,río
5141,asar
5142,túnica
5143,Robin
5144,rock
5145,pícaro
5146,romano
5151,retozar
5152,cuerda
5153,vagabundo
5154,real
5155,rubí
5156,alfombra
5161,ruina
5162,regla
5163,líquido
5164,prisa
5165,oxido
5166,rodera
5211,tristemente
5212,sabio
5213,dijo
5214,Smo
5215,ensalada
5216,salón
5221,salsa
5222,sal
5223,mismo
5224,arenoso
5225,Papa Noel
5226,satín
5231,sauna
5232,salvado
5233,saborear
5234,saxófono
5235,decir
5236,escala
5241,estafa
5242,escanear
5243,susto
5244,bufanda
5245,aterrador
5246,burla
5251,regaño
5252,cucharón
5253,largarse
5254,alcance
5255,puntaje
5256,desdén
5261,explorar
5262,ceño
5263,chatarra
5264,fregar
5265,escafandra autónoma
5266,arrastrar
5311,secta
5312,sedán
5313,uno mismo
5314,enviar
5315,sepia
5316,atender
5321,colocar
5322,Siete
5323,choza
5324,sombra
5325,sombreado
5326,eje
5331,tembloroso
5332,impostor
5333,forma
5334,Cuota
5335,afilado
5336,cobertizo
5341,oveja
5342,sábana
5343,estante
5344,cascarón
5345,brillar
5346,brillante
5351,Embarcacion
5352,camisa
5353,choque
5354,tienda
5355,orilla
5356,gritar
5361,empujón
5362,mostrado
5363,llamativo
5364,desgarrar
5365,encogimiento de hombros
5366,rehuir
5411,silenciar
5412,cerrar
5413,tímido
5414,tamizar
5415,seda
5416,tonto
5421,silo
5422,sorbo
5423,sirena
5424,sexto
5425,Talla
5426,patinar
5431,sesgar
5432,patinar
5433,esquiador
5434,cielo
5435,saltar
5436,falda
5441,sketch satírico
5442,cielo
5443,losa
5444,flojo
5445,matanza
5446,golpe
5451,Jerga
5452,barra oblicua
5453,pizarra
5454,ensalada de col
5455,trineo
5456,pulcro
5461,dormir
5462,aguanieve
5463,durmió
5464,rodaja
5465,resbaloso
5466,baboso
5511,honda
5512,deslizar
5513,abertura
5514,haragán
5515,espacio
5516,babosa
5521,barrio bajo
5522,sorber
5523,fango
5524,pequeña
5525,aplastar
5526,oler
5531,sonreír
5532,sonrisa afectada
5533,niebla tóxica
5534,bocadillo
5535,quebrar
5536,trampa
5541,gruñido
5542,furtivo
5543,burla
5544,oler
5545,ronquido
5546,bufido
5551,hocico
5552,Nevado
5553,desaire
5554,rapé
5555,hablar
5556,velocidad
5561,gastar
5562,gastado
5563,arrojar
5564,espiado
5565,derramar
5566,espinoso
5611,mimar
5612,habló
5613,parodia
5614,carrete
5615,cuchara
5616,deporte
5621,lugar
5622,canalón
5623,rociar
5624,juerga
5625,estimular
5626,equipo
5631,ponerse en cuclillas
5632,calamar
5633,apilar
5634,personal
5635,escenario
5636,Mancha
5641,puesto
5642,sello
5643,pararse
5644,apestarse
5645,rígido
5646,comienzo
5651,reserva
5652,estado
5653,corsé
5654,vapor
5655,empinado
5656,madre
5661,paso
5662,guiso
5663,palo
5664,picadura
5665,revolver
5666,valores
6111,estola
6112,pisar muy fuerte
6113,pedregoso
6114,permaneció
6115,heces
6116,agacharse
6121,detener
6122,tormenta
6123,cerveza negra
6124,cocina
6125,Paja
6126,extraviado
6131,puntal
6132,pegado
6133,semental
6134,cosas
6135,tocón
6136,picado
6141,truco
6142,jabonaduras
6143,azúcar
6144,estar mohíno
6145,navegar
6146,Sushi
6151,torunda
6152,cisne
6153,enjambre
6154,influencia
6155,jurar
6156,sudor
6161,barrer
6162,hinchar
6163,barrido
6164,nadar
6165,balancearse
6166,golpe fuerte
6211,remolino
6212,redada
6213,juré
6214,jarabe
6215,pegajoso
6216,taco
6221,etiqueta
6222,llevar
6223,alto
6224,garra
6225,domador
6226,tanque
6231,afilar
6232,grifos
6233,tarot
6234,tarta
6235,tarea
6236,gusto
6241,sabroso
6242,pulla
6243,gracias
6244,deshielo
6245,hurto
6246,tema
6251,hermético
6252,cosa
6253,pensar
6254,correa
6255,espina
6256,esos
6261,palpitar
6262,ruido sordo
6263,pulgar
6264,golpear
6265,por lo tanto
6266,tiara
6311,de marea
6312,ordenado
6313,Tigre
6314,loseta
6315,inclinación
6316,tinte
6321,diminuto
6322,rastro
6323,pista
6324,comercio
6325,entrenar
6326,rasgo
6331,trampa
6332,basura
6333,bandeja
6334,tratar
6335,árbol
6336,emigrar
6341,tendencia
6342,prueba
6343,tribu
6344,truco
6345,trío
6346,trucha
6351,tregua
6352,camión
6353,triunfo
6354,maletero
6355,tratar
6356,tirón
6361,tulipán
6362,barriguita
6363,césped
6364,colmillo
6365,tutor
6366,tutú
6411,tux
6412,retocar
6413,Pío
6414,dos veces
6415,enroscarse
6416,mellizos
6421,giro
6422,giro
6423,tío
6424,sin cortar
6425,deshacer
6426,unificar
6431,Unión
6432,unidad
6433,desatar
6434,sobre
6435,superior
6436,urbano
6441,usado
6442,usuario
6443,ujier
6444,pronunciar
6445,valor
6446,vapor
6451,vegano
6452,sede
6453,verso
6454,chaleco
6455,veto
6456,vicio
6461,video
6462,vista
6463,viral
6464,virus
6465,visa
6466,visera
6511,zorra
6512,vocal
6513,voz
6514,vacío
6515,voltio
6516,votante
6521,vocal
6522,taco
6523,oblea
6524,apuesta
6525,salarios
6526,vagón
6531,despertar
6532,andar
6533,varita mágica
6534,avispa
6535,reloj
6536,agua
6541,ondulado
6542,trigo
6543,tufo
6544,entero
6545,alarido
6546,mecha
6551,ensanchar
6552,viuda
6553,ancho
6554,esposa
6555,Wifi
6556,marchitar
6561,endeble
6562,viento
6563,ala
6564,guiño
6565,limpia
6566,por cable
6611,nervioso
6612,sabio
6613,deseo
6614,sabroso
6615,wok
6616,Lobo
6621,matriz
6622,lana
6623,Mareado
6624,palabra
6625,trabajo
6626,preocuparse
6631,herida
6632,tejido
6633,ira
6634,naufragio
6635,muñeca
6636,fotocopia
6641,yahoo
6642,batata
6643,yarda
6644,año
6645,levadura
6646,gañido
6651,producir
6652,yo-yo
6653,canto a la tirolesa
6654,yoga
6655,yoyó
6656,delicioso
6661,cebra
6662,cero
6663,zesty
6664,enérgico
6665,zona
6666,zoom